typing_speed,avg_key_delay,backspace_count,pause_count,error_rate,total_time,typing_level
57.51,0.327,13,6,0.082,49.13,Intermediate
75,0.097,2,1,0.023,38.19,Advanced
95.11,0.099,0,0,0.014,29.24,Advanced
81.69,0.111,3,0,0.012,33.48,Advanced
102.67,0.098,1,0,0.008,27.2,Advanced
48.38,0.251,11,2,0.047,56.59,Intermediate
112.4,0.048,4,1,0.018,24.62,Advanced
99.75,0.135,0,2,0.017,26.32,Advanced
106.62,0.089,1,1,0.009,26.59,Advanced
93.82,0.124,1,0,0.012,33.12,Advanced
96.41,0.121,4,1,0.025,28.2,Advanced
16.49,0.488,25,17,0.185,170.2,Beginner
84.63,0.146,0,0,0.01,32.04,Advanced
32.03,0.426,29,15,0.118,88.88,Beginner
58.73,0.242,7,7,0.058,50.8,Intermediate
15.05,0.354,30,10,0.181,190.02,Beginner
93.42,0.135,2,1,0.017,31.74,Advanced
70,0.136,11,2,0.069,38.64,Intermediate
58.1,0.267,5,11,0.04,47.72,Intermediate
82.5,0.059,3,4,0.024,33.92,Advanced
70,0.253,8,2,0.09,38.05,Intermediate
40,0.263,0,4,0.044,71.43,Intermediate
51.51,0.275,11,0,0.057,54.77,Intermediate
59.18,0.178,0,2,0.039,49.61,Intermediate
94.68,0.125,1,1,0.006,29.29,Advanced
27.97,0.353,30,27,0.242,100.08,Beginner
40,0.287,10,3,0.073,72.67,Intermediate
26.42,0.503,33,13,0.122,108.01,Beginner
27.36,0.326,32,13,0.245,103.65,Beginner
83.8,0.153,0,1,0.007,32.81,Advanced
46.72,0.267,11,1,0.036,59.59,Intermediate
15.16,0.435,26,17,0.159,185.37,Beginner
62.27,0.261,4,8,0.087,47.69,Intermediate
82.43,0.154,1,0,0.015,32.32,Advanced
19.31,0.432,47,9,0.165,146.35,Beginner
20.32,0.419,30,11,0.226,140.26,Beginner
51.07,0.275,0,2,0.042,58.15,Intermediate
62.33,0.229,7,4,0.074,44.35,Intermediate
94.16,0.101,3,1,0.028,32.38,Advanced
24.47,0.453,26,3,0.242,115.07,Beginner
94.09,0.123,0,0,0.008,32.68,Advanced
55.29,0.289,6,3,0.056,48.67,Intermediate
104.45,0.106,4,1,0.021,25.08,Advanced
22.43,0.472,31,18,0.163,124.98,Beginner
94.39,0.145,1,2,0.012,32.88,Advanced
49.51,0.211,5,9,0.034,56.48,Intermediate
114.61,0.105,4,1,0.002,22.94,Advanced
75,0.076,1,0,0,37.67,Advanced
30.13,0.528,25,12,0.132,96.24,Beginner
19.12,0.306,34,9,0.173,144.5,Beginner
28.92,0.427,35,11,0.103,95.22,Beginner
88.94,0.133,0,0,0.013,31.97,Advanced
82.32,0.127,3,0,0.023,33.93,Advanced
44.62,0.287,13,6,0.074,63.83,Intermediate
34.04,0.427,18,16,0.184,82.33,Beginner
22.44,0.456,27,12,0.116,125.17,Beginner
93.16,0.146,1,0,0.018,30.67,Advanced
66.89,0.333,5,5,0.04,42.78,Intermediate
50.65,0.301,2,6,0.079,56.48,Intermediate
13.53,0.412,21,26,0.205,211.02,Beginner
70,0.322,8,10,0.047,42.72,Intermediate
35,0.419,23,16,0.161,81.12,Beginner
75.49,0.08,1,2,0.022,37.78,Advanced
10,0.484,30,10,0.169,284.72,Beginner
58.91,0.316,12,2,0.034,46,Intermediate
42.06,0.282,4,3,0.061,68.59,Intermediate
112.01,0.14,4,1,0.021,23.68,Advanced
49.68,0.187,10,10,0.065,56.95,Intermediate
94.32,0.093,5,0,0.002,31.12,Advanced
48.71,0.313,8,3,0.031,56.04,Intermediate
25.26,0.416,20,19,0.101,112.83,Beginner
22.77,0.521,37,2,0.174,123.07,Beginner
64.13,0.273,2,3,0.068,42.95,Intermediate
101.38,0.1,4,0,0.014,26.42,Advanced
31.04,0.356,30,14,0.19,90.36,Beginner
29.76,0.293,15,23,0.173,92.62,Beginner
109.18,0.074,3,0,0.025,23.62,Advanced
102.48,0.127,2,3,0.016,27.1,Advanced
20.9,0.574,18,8,0.226,135.33,Beginner
62.65,0.266,12,5,0.06,44.34,Intermediate
22.33,0.385,30,16,0.122,126.41,Beginner
96.55,0.098,5,1,0.017,31.83,Advanced
45.23,0.209,8,5,0.082,61.11,Intermediate
47.89,0.256,7,4,0.062,59.6,Intermediate
75,0.079,3,0,0.008,37.46,Advanced
49.31,0.271,4,7,0.048,57.25,Intermediate
19.83,0.299,40,16,0.239,140.74,Beginner
19.73,0.326,33,21,0.218,141,Beginner
97.24,0.178,2,2,0.027,29.21,Advanced
107.98,0.071,0,1,0.02,23.32,Advanced
53.84,0.196,6,5,0.036,50.57,Intermediate
79.1,0.117,6,0,0.025,34.57,Advanced
25.01,0.377,28,16,0.221,114.82,Beginner
78.82,0.126,0,1,0.005,36.06,Advanced
21.27,0.472,34,11,0.143,133.47,Beginner
89.3,0.091,0,0,0.006,33.36,Advanced
101.32,0.153,1,2,0.002,26.87,Advanced
25.4,0.413,35,18,0.118,109.6,Beginner
70,0.305,0,8,0.085,41.53,Intermediate
54.28,0.228,6,7,0.041,52.69,Intermediate
84.69,0.214,0,0,0.004,32.36,Advanced
63.96,0.267,5,3,0.038,44.25,Intermediate
29.19,0.499,43,16,0.112,98.54,Beginner
34.94,0.591,16,23,0.162,80.89,Beginner
20.76,0.542,33,20,0.174,135.86,Beginner
99.54,0.117,2,0,0.004,26.75,Advanced
98.62,0.052,0,0,0.024,25.63,Advanced
59,0.269,12,5,0.043,48.1,Intermediate
114.58,0.156,1,0,0.028,25.38,Advanced
70,0.242,9,7,0.086,41.45,Intermediate
27.57,0.384,33,12,0.241,103.92,Beginner
57.17,0.221,9,7,0.061,49.77,Intermediate
48.24,0.251,2,7,0.073,59.44,Intermediate
55.57,0.203,5,8,0.042,49.86,Intermediate
54.61,0.267,2,4,0.088,51.32,Intermediate
42.58,0.288,5,2,0.032,65.14,Intermediate
100.61,0.149,0,0,0.019,30.16,Advanced
89.36,0.103,1,0,0.014,33.84,Advanced
87.49,0.073,0,1,0.011,32.49,Advanced
80.73,0.101,1,0,0.016,35.29,Advanced
47.54,0.359,9,3,0.041,60.14,Intermediate
94.8,0.097,0,2,0.017,27.75,Advanced
108.59,0.1,1,1,0.019,24.91,Advanced
82.93,0.087,0,0,0.015,34.2,Advanced
106.76,0.123,1,0,0.007,26.6,Advanced
30.94,0.537,9,14,0.175,91.06,Beginner
60.88,0.266,9,3,0.086,46.81,Intermediate
29.13,0.447,19,11,0.159,97.21,Beginner
70,0.255,7,6,0.074,41.34,Intermediate
27.53,0.341,36,16,0.178,101.75,Beginner
26.52,0.572,29,20,0.158,107.67,Beginner
82.47,0.099,3,1,0.017,34.47,Advanced
94.64,0.082,0,0,0.006,31.03,Advanced
53.04,0.295,13,7,0.081,55.93,Intermediate
92.44,0.067,2,0,0.019,30.37,Advanced
32.29,0.384,16,13,0.16,88.66,Beginner
108.15,0.149,2,1,0.005,25.19,Advanced
24.63,0.401,28,14,0.106,114.55,Beginner
99.15,0.066,0,1,0.024,27.35,Advanced
104.68,0.172,0,0,0.016,26.82,Advanced
101.12,0.131,0,0,0.018,27.64,Advanced
19.68,0.479,33,8,0.232,144.24,Beginner
53.45,0.191,0,5,0.04,50.52,Intermediate
106.87,0.087,4,0,0.003,26.38,Advanced
15.94,0.531,16,8,0.226,176.59,Beginner
25.59,0.525,24,13,0.226,110.08,Beginner
109.92,0.107,0,2,0,22.16,Advanced
56.98,0.308,5,1,0.06,50.85,Intermediate
90.79,0.142,0,0,0.015,28.94,Advanced
19.22,0.424,30,17,0.222,147.22,Beginner
53.8,0.313,10,1,0.058,56.3,Intermediate
86.95,0.055,0,0,0.012,33.79,Advanced
98.4,0.144,0,0,0.029,28.02,Advanced
25.29,0.422,16,14,0.168,108.89,Beginner
87.13,0.055,2,0,0.029,30.22,Advanced
19.35,0.383,23,15,0.173,147.49,Beginner
40,0.198,5,5,0.05,68.66,Intermediate
26.94,0.491,20,7,0.151,106.45,Beginner
28.24,0.392,19,9,0.208,102.43,Beginner
20.91,0.412,13,21,0.115,131.85,Beginner
92.49,0.098,0,0,0.013,26.43,Advanced
30.98,0.453,23,18,0.204,90.43,Beginner
95.62,0.154,2,0,0.001,31.92,Advanced
85.95,0.125,2,1,0.002,32.89,Advanced
91.94,0.15,0,1,0.028,28.87,Advanced
95.4,0.138,5,2,0.012,28.66,Advanced
47.31,0.217,8,5,0.067,59.22,Intermediate
25.52,0.528,22,14,0.202,111.18,Beginner
21.96,0.618,19,11,0.134,129.2,Beginner
101.75,0.111,1,0,0.018,28.77,Advanced
83.74,0.129,1,0,0.012,33.38,Advanced
45.23,0.274,8,6,0.064,62.45,Intermediate
26.28,0.393,24,17,0.239,109.4,Beginner
68.12,0.173,10,5,0.038,42.83,Intermediate
98.15,0.11,1,2,0.002,31.75,Advanced
31.07,0.482,23,27,0.206,89.98,Beginner
97.36,0.103,1,1,0.016,28.8,Advanced
20.71,0.597,33,19,0.124,135.7,Beginner
25.35,0.434,34,10,0.134,110.63,Beginner
66.5,0.256,10,9,0.05,43.26,Intermediate
70,0.312,11,3,0.062,41.02,Intermediate
41.71,0.243,13,3,0.066,68.55,Intermediate
55.14,0.282,6,5,0.08,52.73,Intermediate
109.69,0.134,3,0,0.001,21.81,Advanced
90.03,0.207,0,0,0.026,31.25,Advanced
70,0.244,7,7,0.041,41.1,Intermediate
70,0.273,9,3,0.09,41.47,Intermediate
59.57,0.209,5,3,0.077,45.05,Intermediate
29.93,0.486,28,12,0.15,94.25,Beginner
116.82,0.186,0,1,0.017,25.61,Advanced
106.47,0.136,0,1,0.002,27.61,Advanced
28.06,0.57,24,17,0.201,98.7,Beginner
92.07,0.124,4,0,0.01,28.92,Advanced
108.48,0.163,2,0,0.002,25.26,Advanced
33.54,0.437,16,15,0.207,83.11,Beginner
55.9,0.228,10,9,0.082,47.88,Intermediate
57.06,0.255,2,4,0.044,48.23,Intermediate
47.79,0.287,5,7,0.035,59.65,Intermediate
90.36,0.126,0,0,0.027,28.95,Advanced
46.42,0.284,0,6,0.087,60.2,Intermediate
75,0.146,3,0,0.029,39.98,Advanced
100.03,0.129,0,0,0.02,30.35,Advanced
78.5,0.105,3,1,0.027,36.1,Advanced
21.58,0.347,32,13,0.21,130.59,Beginner
30.43,0.338,26,2,0.189,95.08,Beginner
86.83,0.184,5,0,0.008,32.27,Advanced
25.24,0.555,20,6,0.122,114.22,Beginner
62.18,0.31,10,6,0.056,42.99,Intermediate
41.87,0.251,5,10,0.062,68.41,Intermediate
56.04,0.216,11,6,0.089,52.09,Intermediate
61.62,0.137,11,6,0.089,44.34,Intermediate
23.46,0.312,20,18,0.17,119.8,Beginner
29.07,0.344,20,12,0.15,95.73,Beginner
44.98,0.259,3,7,0.09,63.27,Intermediate
54.13,0.25,2,5,0.07,52.44,Intermediate
85.27,0.113,2,0,0.013,30.6,Advanced
18.19,0.427,24,14,0.22,156.14,Beginner
129.27,0.097,1,0,0.012,22.56,Advanced
63.95,0.266,13,6,0.064,46.62,Intermediate
57.23,0.208,6,4,0.087,50.73,Intermediate
79.94,0.107,2,1,0.02,32.14,Advanced
22.86,0.431,14,13,0.174,124.34,Beginner
120.83,0.104,2,0,0.02,21.39,Advanced
35,0.524,43,15,0.209,79.88,Beginner
14.89,0.473,13,13,0.187,187.68,Beginner
20.85,0.444,28,16,0.159,134.2,Beginner
28,0.393,26,6,0.135,100.27,Beginner
89.8,0.113,1,1,0.019,32.65,Advanced
30.95,0.404,17,15,0.181,93.77,Beginner
87.01,0.171,2,0,0.026,32.34,Advanced
20.32,0.527,29,18,0.212,139.66,Beginner
90.73,0.142,1,0,0.026,32.29,Advanced
63.27,0.17,8,7,0.035,44.25,Intermediate
21.78,0.397,11,20,0.141,130.74,Beginner
85.39,0.128,2,0,0.026,31.54,Advanced
63.75,0.215,6,0,0.039,44.94,Intermediate
101.41,0.134,0,0,0.024,29.27,Advanced
23.91,0.379,24,9,0.209,122.07,Beginner
86.06,0.05,0,0,0.024,31.26,Advanced
105.76,0.126,5,1,0.023,25.91,Advanced
86.77,0.137,0,0,0.014,31.46,Advanced
56.68,0.228,10,6,0.035,51.68,Intermediate
26.42,0.443,6,8,0.248,107.4,Beginner
79.15,0.103,0,2,0.005,35.58,Advanced
27.44,0.405,22,20,0.167,102.73,Beginner
52.69,0.327,15,4,0.085,53.94,Intermediate
81.13,0.122,2,1,0.022,36.84,Advanced
62.97,0.246,9,5,0.065,45.34,Intermediate
89.21,0.108,1,0,0.023,30.02,Advanced
20.9,0.532,26,13,0.176,136.75,Beginner
111.75,0.108,0,2,0.023,22.55,Advanced
22.25,0.373,38,16,0.14,125.69,Beginner
95.79,0.102,0,1,0.016,28.44,Advanced
26.9,0.53,32,18,0.222,103.82,Beginner
96.79,0.163,3,0,0.007,29.84,Advanced
95.69,0.098,1,0,0.01,32.01,Advanced
94.85,0.162,3,0,0.014,26.62,Advanced
60.35,0.309,14,7,0.085,44.94,Intermediate
84.16,0.145,2,0,0.021,33.48,Advanced
93.25,0.142,4,0,0.024,31.91,Advanced
98.81,0.14,0,1,0.014,26.16,Advanced
23.88,0.55,18,4,0.238,118.33,Beginner
87.2,0.144,0,2,0.021,32.28,Advanced
41.99,0.255,8,2,0.088,65.34,Intermediate
42.36,0.282,9,7,0.032,67.59,Intermediate
95.54,0.142,0,1,0.029,27.15,Advanced
24.2,0.422,30,23,0.144,115.57,Beginner
48.38,0.205,7,7,0.078,57.56,Intermediate
96.44,0.084,0,4,0.023,26.69,Advanced
106.53,0.091,1,0,0.003,26.07,Advanced
17.68,0.609,22,8,0.132,158.78,Beginner
31.79,0.513,25,18,0.115,90.74,Beginner
97.97,0.089,0,0,0.001,27.84,Advanced
93.24,0.174,1,0,0.029,30.96,Advanced
33.83,0.37,22,12,0.117,84.63,Beginner
33.29,0.447,9,7,0.125,83.65,Beginner
87.67,0.139,2,1,0.008,35.62,Advanced
70,0.238,3,5,0.04,41.47,Intermediate
51.07,0.295,10,0,0.037,55.22,Intermediate
116.73,0.144,3,1,0.003,24.64,Advanced
50.5,0.279,9,4,0.039,54.74,Intermediate
29.25,0.511,24,17,0.193,95.18,Beginner
30.84,0.453,33,15,0.122,88.27,Beginner
35,0.524,32,24,0.104,77.77,Beginner
27.7,0.48,24,9,0.172,103.01,Beginner
30.48,0.338,14,11,0.169,93.64,Beginner
92.72,0.137,2,3,0.02,31.79,Advanced
26.64,0.526,13,3,0.109,105.73,Beginner
25.97,0.327,17,17,0.228,106.81,Beginner
20.57,0.433,28,13,0.22,135.83,Beginner
102.31,0.165,5,0,0.024,27.11,Advanced
109.87,0.108,5,2,0.024,26.3,Advanced
23.91,0.268,20,15,0.206,118.52,Beginner
51.91,0.202,7,4,0.082,53.82,Intermediate
102.53,0.131,1,2,0.023,26.46,Advanced
62.8,0.245,11,5,0.062,45.48,Intermediate
100.19,0.125,2,0,0.01,27.65,Advanced
111.16,0.142,1,2,0.023,25.95,Advanced
89.95,0.094,4,0,0.012,31.7,Advanced
22.71,0.367,36,13,0.141,124.76,Beginner
35,0.566,17,12,0.212,79.12,Beginner
21.01,0.476,16,13,0.167,133.94,Beginner
56.62,0.247,0,6,0.061,49.45,Intermediate
47.68,0.245,5,3,0.069,61.38,Intermediate
91.04,0.1,1,1,0.027,32.18,Advanced
52.19,0.276,0,8,0.031,54.97,Intermediate
23.27,0.4,25,16,0.215,121.08,Beginner
56.09,0.157,6,5,0.083,47.86,Intermediate
53.25,0.196,13,6,0.088,49.78,Intermediate
35,0.441,14,23,0.131,79.7,Beginner
22.08,0.458,16,19,0.178,127.71,Beginner
70,0.289,11,1,0.067,43.22,Intermediate
40,0.224,3,5,0.084,71.29,Intermediate
58.5,0.334,15,0,0.068,49.43,Intermediate
33.76,0.524,23,12,0.116,82.73,Beginner
84.93,0.131,1,2,0.018,33.96,Advanced
67.93,0.289,10,11,0.037,41.76,Intermediate
33.18,0.598,24,15,0.156,84.44,Beginner
56.48,0.239,6,11,0.075,47.96,Intermediate
27.83,0.42,18,15,0.243,100.59,Beginner
63.44,0.264,9,5,0.047,44.15,Intermediate
84.52,0.137,2,1,0.028,36.08,Advanced
76.05,0.151,1,1,0.013,38.09,Advanced
49.56,0.286,1,7,0.071,54.52,Intermediate
94.34,0.062,4,1,0.004,31.37,Advanced
16.93,0.444,22,19,0.208,166.83,Beginner
56.45,0.262,10,2,0.031,49.6,Intermediate
100.02,0.109,2,0,0.023,29.24,Advanced
44.76,0.193,0,9,0.082,62.47,Intermediate
44.31,0.185,10,9,0.061,64.49,Intermediate
46.64,0.284,7,10,0.038,61.5,Intermediate
26.16,0.379,29,16,0.133,108.35,Beginner
23.77,0.491,21,22,0.111,117.28,Beginner
22.92,0.343,20,16,0.129,121.72,Beginner
19.72,0.465,11,26,0.128,145.36,Beginner
28.82,0.483,40,15,0.249,98.47,Beginner
89.66,0.068,2,1,0.03,33.61,Advanced
111.87,0.104,0,0,0.014,24.21,Advanced
69.15,0.223,2,3,0.042,41.43,Intermediate
57.1,0.296,10,5,0.069,48.09,Intermediate
84.53,0.127,4,2,0.012,34.79,Advanced
30.39,0.452,26,22,0.134,93.36,Beginner
27.51,0.46,24,5,0.121,103.23,Beginner
77.15,0.072,3,0,0.025,35.66,Advanced
60.35,0.174,9,3,0.044,48.07,Intermediate
92.29,0.066,0,0,0.029,30,Advanced
75,0.07,2,0,0.01,39.82,Advanced
98.64,0.127,5,1,0.004,29.62,Advanced
45.77,0.237,12,1,0.075,62.02,Intermediate
28.82,0.422,27,13,0.243,95.28,Beginner
87.68,0.078,2,0,0.013,32.92,Advanced
35,0.44,28,10,0.125,83.7,Beginner
26.65,0.327,25,21,0.104,105.92,Beginner
18.6,0.512,20,14,0.236,150.78,Beginner
114.28,0.088,2,0,0.01,27.93,Advanced
24.13,0.494,21,6,0.204,116.79,Beginner
92.47,0.104,0,1,0.028,29.86,Advanced
61.32,0.221,5,7,0.031,42.77,Intermediate
51.98,0.216,9,14,0.074,53.7,Intermediate
103.62,0.104,4,1,0.018,28.29,Advanced
104.39,0.104,3,0,0.003,27.53,Advanced
92.23,0.143,4,1,0.002,30.74,Advanced
24.37,0.445,32,10,0.182,116.17,Beginner
59.83,0.268,4,2,0.05,43.44,Intermediate
29.76,0.402,9,17,0.179,93.9,Beginner
80.37,0.176,1,0,0.02,32.71,Advanced
89.66,0.117,3,0,0.019,33.69,Advanced
88.23,0.123,0,2,0.026,29.28,Advanced
20.07,0.473,24,17,0.169,138.59,Beginner
88.03,0.089,2,1,0.007,31.4,Advanced
16.41,0.5,16,9,0.215,170.28,Beginner
20.04,0.572,4,15,0.21,139.11,Beginner
106.71,0.169,2,1,0.001,26.38,Advanced
17.65,0.485,18,2,0.138,159.91,Beginner
41.23,0.19,6,6,0.038,68.69,Intermediate
35,0.564,42,8,0.202,82.01,Beginner
32.02,0.443,31,9,0.188,90.5,Beginner
52.65,0.281,8,8,0.072,53.64,Intermediate
92.63,0.127,1,0,0.021,30.73,Advanced
65.65,0.299,14,7,0.084,43.44,Intermediate
93.85,0.163,0,2,0.013,29.55,Advanced
99.52,0.109,0,1,0.012,26.55,Advanced
67.32,0.34,8,3,0.076,41.86,Intermediate
28.19,0.428,11,12,0.149,101.41,Beginner
20.78,0.505,23,20,0.166,136.14,Beginner
70,0.322,4,3,0.08,38.33,Intermediate
95.31,0.158,2,1,0.024,29.89,Advanced
25.17,0.399,24,8,0.246,111.24,Beginner
97.87,0.148,0,0,0.027,27.63,Advanced
62.66,0.288,5,4,0.081,46.04,Intermediate
59.74,0.239,9,5,0.05,46.19,Intermediate
18.86,0.396,31,18,0.22,149.78,Beginner
104.93,0.137,3,0,0.004,24.41,Advanced
41.9,0.219,5,3,0.051,69.01,Intermediate
21.15,0.549,39,13,0.107,131.81,Beginner
104.93,0.154,3,0,0.001,25.88,Advanced
88.83,0.123,0,1,0.014,32.32,Advanced
46.35,0.268,8,0,0.048,62.05,Intermediate
26.23,0.377,22,14,0.131,109.87,Beginner
33.37,0.391,32,12,0.211,83.31,Beginner
86.04,0.079,0,1,0.009,30.18,Advanced
17.95,0.454,17,12,0.102,156.84,Beginner
92.03,0.119,1,0,0.001,31.91,Advanced
28.82,0.614,27,17,0.246,101.83,Beginner
45.68,0.287,6,4,0.083,62.71,Intermediate
63.64,0.33,9,5,0.078,44.11,Intermediate
61.53,0.234,3,6,0.081,47.13,Intermediate
40,0.139,9,3,0.074,72.52,Intermediate
27.34,0.33,40,7,0.228,103.13,Beginner
45.54,0.286,8,3,0.083,60.27,Intermediate
23.57,0.357,22,26,0.171,118.33,Beginner
97.29,0.111,4,0,0.012,31.08,Advanced
16.13,0.606,21,15,0.23,176.13,Beginner
29.41,0.422,26,6,0.204,96.11,Beginner
83.42,0.079,3,2,0.011,34.25,Advanced
15.99,0.384,30,15,0.242,178.62,Beginner
115.22,0.114,1,0,0.003,26.25,Advanced
64.79,0.272,15,1,0.084,42.04,Intermediate
104.72,0.103,0,0,0.017,27,Advanced
54.52,0.28,3,3,0.044,50.7,Intermediate
28.52,0.398,20,13,0.142,97.86,Beginner
66.6,0.218,11,5,0.048,40.6,Intermediate
25.7,0.563,25,20,0.246,107.7,Beginner
66.11,0.239,13,5,0.089,41.94,Intermediate
88.92,0.141,2,0,0.022,32.25,Advanced
97.72,0.104,2,2,0.027,26.18,Advanced
92.74,0.077,1,0,0.02,29.1,Advanced
54.52,0.299,2,6,0.037,51.05,Intermediate
19.36,0.423,32,14,0.239,146.14,Beginner
22.68,0.595,15,6,0.176,124.47,Beginner
46.89,0.241,10,5,0.069,58.04,Intermediate
92.8,0.087,0,0,0.006,29.61,Advanced
18.39,0.477,17,11,0.207,154.88,Beginner
23.07,0.515,33,10,0.15,121.49,Beginner
26.22,0.483,26,18,0.246,106.68,Beginner
28.91,0.429,31,9,0.149,96.8,Beginner
62.94,0.263,14,8,0.046,44.27,Intermediate
119.44,0.112,5,0,0.003,23.21,Advanced
64.5,0.295,1,4,0.086,46.86,Intermediate
62.45,0.251,6,7,0.057,44.95,Intermediate
27.59,0.526,22,13,0.184,100.9,Beginner
90.12,0.118,4,0,0.01,30.48,Advanced
21.92,0.538,31,11,0.215,128.82,Beginner
89.88,0.146,4,0,0.027,32.53,Advanced
29.44,0.378,16,13,0.215,95.14,Beginner
56.34,0.3,10,5,0.066,49.46,Intermediate
25.35,0.517,19,14,0.215,113.65,Beginner
20.38,0.49,19,11,0.117,137.09,Beginner
60.17,0.289,5,10,0.057,45.68,Intermediate
81.27,0.079,5,0,0.001,36.54,Advanced
61.31,0.237,5,5,0.079,46.65,Intermediate
96.79,0.148,5,0,0.01,26.92,Advanced
70,0.231,4,4,0.07,40.26,Intermediate
97.09,0.027,3,1,0.001,27.7,Advanced
62.85,0.243,2,7,0.075,44.1,Intermediate
66.02,0.204,8,4,0.073,43.53,Intermediate
59.56,0.224,8,4,0.064,48.39,Intermediate
31.6,0.495,28,4,0.119,90.11,Beginner
15.15,0.529,9,13,0.249,186.79,Beginner
18.33,0.481,20,9,0.157,154.97,Beginner
91.33,0.138,0,0,0.009,30.84,Advanced
25.66,0.43,31,11,0.16,108.27,Beginner
34.6,0.379,10,12,0.132,82.19,Beginner
75,0.05,1,0,0.028,38.97,Advanced
98.43,0.074,3,3,0.013,30.47,Advanced
29.58,0.485,19,19,0.125,94.4,Beginner
42.8,0.174,9,7,0.063,64.47,Intermediate
107.84,0.107,4,2,0.013,26.08,Advanced
21.8,0.409,21,16,0.149,128.11,Beginner
25.82,0.465,21,15,0.15,108.49,Beginner
96.62,0.123,0,0,0.005,30.62,Advanced
22.05,0.362,25,12,0.144,128,Beginner
58.64,0.206,13,2,0.043,47.58,Intermediate
50.44,0.248,7,3,0.036,54.69,Intermediate
19.05,0.488,28,10,0.213,148.41,Beginner
62.67,0.231,10,8,0.037,47.24,Intermediate
88.55,0.116,0,1,0.011,31.55,Advanced
19.15,0.342,30,19,0.149,148.7,Beginner
29.39,0.439,9,4,0.241,93.46,Beginner
45.56,0.239,3,0,0.066,61.86,Intermediate
26.08,0.405,30,18,0.215,106.43,Beginner
92.57,0.136,2,0,0,31.48,Advanced
84.78,0.158,3,1,0.018,34.16,Advanced
130,0.106,2,0,0.027,24.15,Advanced
95.92,0.179,0,0,0.014,28.93,Advanced
34.65,0.564,40,14,0.125,79.56,Beginner
98.6,0.133,3,0,0.027,28.61,Advanced
111.64,0.106,1,0,0.004,25.24,Advanced
48.18,0.188,10,5,0.047,60.85,Intermediate
25.17,0.412,30,26,0.121,111.89,Beginner
29.67,0.503,4,16,0.116,94.08,Beginner
93.74,0.118,0,0,0.011,30.51,Advanced
49.72,0.267,9,8,0.078,56.35,Intermediate
22.27,0.391,30,22,0.123,130.26,Beginner
81.52,0.153,0,0,0.03,34.48,Advanced
106.25,0.065,2,0,0.004,28.52,Advanced
30.52,0.281,40,17,0.236,92.65,Beginner
13.98,0.431,26,14,0.217,202.48,Beginner
27.66,0.297,27,16,0.111,101.07,Beginner
90.73,0.145,0,2,0.001,32.33,Advanced
97.67,0.12,0,0,0.008,31.03,Advanced
40,0.219,14,1,0.064,71,Intermediate
96.38,0.094,0,1,0.01,27.88,Advanced
50.02,0.194,4,1,0.05,56.3,Intermediate
108.7,0.071,4,2,0.01,24.07,Advanced
25.71,0.46,15,13,0.146,108.03,Beginner
29.88,0.465,23,13,0.124,94.14,Beginner
61.25,0.224,3,1,0.034,43.33,Intermediate
47.69,0.207,8,9,0.072,57.07,Intermediate
92.84,0.133,5,1,0.026,30.61,Advanced
31.28,0.458,31,12,0.111,89.43,Beginner
95.83,0.104,0,0,0.013,32.01,Advanced
55.65,0.217,13,4,0.036,49.47,Intermediate
70,0.168,5,6,0.048,39.91,Intermediate
21.69,0.516,18,13,0.191,129.43,Beginner
23.19,0.393,36,19,0.235,122.21,Beginner
26.64,0.461,25,20,0.123,103.14,Beginner
70,0.27,9,5,0.08,37.45,Intermediate
94.4,0.115,3,1,0.009,29.93,Advanced
49.22,0.253,8,8,0.035,56.5,Intermediate
30.36,0.491,31,17,0.188,95.13,Beginner
92.64,0.12,3,1,0.007,28.79,Advanced
28.98,0.468,18,15,0.152,96.41,Beginner
75.98,0.086,1,2,0.013,36.81,Advanced
118.94,0.135,1,2,0.03,21.37,Advanced
60.45,0.237,9,5,0.037,47.23,Intermediate
23.46,0.307,32,3,0.106,121.22,Beginner
70,0.244,3,0,0.082,42.23,Intermediate
98.88,0.152,2,0,0.017,28.88,Advanced
96.35,0.112,5,1,0.025,30.53,Advanced
22.71,0.516,28,20,0.173,127.43,Beginner
28.65,0.406,20,17,0.244,97.67,Beginner
24.41,0.513,28,12,0.176,114.53,Beginner
26.9,0.468,15,17,0.231,103.04,Beginner
49.62,0.293,2,4,0.032,54.51,Intermediate
40,0.258,3,6,0.033,71.98,Intermediate
22.96,0.541,18,22,0.127,123.07,Beginner
19.01,0.442,30,15,0.119,148.39,Beginner
21.9,0.308,16,15,0.201,129.14,Beginner
76.84,0.157,2,0,0.026,34.65,Advanced
95.96,0.111,2,1,0.001,29.72,Advanced
19.91,0.476,19,10,0.225,140.37,Beginner
20.19,0.487,29,10,0.164,138.41,Beginner
54.36,0.222,6,6,0.088,52.85,Intermediate
22.74,0.445,31,24,0.229,125.2,Beginner
96.76,0.11,0,0,0.018,28.76,Advanced
58.43,0.282,6,1,0.063,50.58,Intermediate
112.87,0.097,3,0,0.005,24.32,Advanced
111.07,0.078,0,1,0.018,25.17,Advanced
51.95,0.223,15,6,0.067,55.4,Intermediate
46.03,0.258,8,4,0.052,61.35,Intermediate
19.94,0.364,26,13,0.118,141.8,Beginner
110.99,0.095,1,1,0.026,24.41,Advanced
57.02,0.304,5,4,0.08,51.38,Intermediate
100.03,0.094,3,1,0.004,28.62,Advanced
20.54,0.535,27,16,0.215,138.18,Beginner
16.86,0.444,23,12,0.16,167.08,Beginner
35,0.283,16,11,0.233,79.8,Beginner
75,0.187,2,1,0,39.12,Advanced
87.61,0.114,1,0,0.028,29.94,Advanced
76.91,0.095,2,0,0.001,38.13,Advanced
100.48,0.161,1,1,0.002,26,Advanced
87.44,0.095,2,0,0.028,29.86,Advanced
111.76,0.121,1,0,0.002,23.99,Advanced
40,0.301,10,6,0.054,70.04,Intermediate
52.86,0.26,7,2,0.036,52.24,Intermediate
49.31,0.228,7,5,0.048,59.16,Intermediate
88.48,0.043,2,0,0.027,29.95,Advanced
47.6,0.244,11,3,0.065,58.68,Intermediate
24.33,0.467,27,19,0.111,114.19,Beginner
79.2,0.122,0,0,0.01,36.71,Advanced
99.88,0.102,3,1,0.022,29.8,Advanced
15.15,0.546,21,17,0.106,184.1,Beginner
97.29,0.162,4,0,0.003,32.33,Advanced
42.94,0.196,4,7,0.044,66.64,Intermediate
75,0.125,2,1,0.011,37.54,Advanced
106.77,0.062,2,0,0.024,26.83,Advanced
83.26,0.185,1,1,0.01,34.06,Advanced
110.04,0.086,2,0,0.026,22.33,Advanced
28.9,0.505,32,14,0.239,99.83,Beginner
75,0.144,0,0,0.014,38.76,Advanced
89.69,0.165,1,0,0.016,32.74,Advanced
19.08,0.437,20,14,0.235,147.87,Beginner
103.2,0.117,1,1,0.012,26.62,Advanced
103.79,0.116,1,0,0.015,24.95,Advanced
16.74,0.394,32,7,0.166,167.49,Beginner
97.1,0.172,3,1,0.01,31.98,Advanced
50.2,0.206,9,0,0.047,55.93,Intermediate
22.32,0.464,19,15,0.21,129.73,Beginner
75.61,0.095,0,0,0.022,39.42,Advanced
33.67,0.42,39,16,0.187,83.95,Beginner
40,0.256,9,1,0.065,69.67,Intermediate
21.34,0.416,23,18,0.161,132.44,Beginner
25.44,0.585,44,14,0.148,107.73,Beginner
56.48,0.315,16,4,0.086,49.64,Intermediate
28.9,0.534,30,6,0.165,97.56,Beginner
21.68,0.58,34,8,0.148,127.65,Beginner
78.47,0.123,5,0,0.029,36.86,Advanced
47.09,0.178,7,2,0.031,59.98,Intermediate
75,0.045,0,2,0.018,38.63,Advanced
53.74,0.251,15,2,0.037,53.94,Intermediate
49.39,0.216,16,3,0.079,56.08,Intermediate
27.21,0.588,30,17,0.102,103.63,Beginner
19.67,0.443,20,23,0.123,142.55,Beginner
47.55,0.208,6,0,0.039,62.27,Intermediate
104.33,0.114,1,0,0.022,27.8,Advanced
25.43,0.581,21,9,0.243,112.73,Beginner
91.85,0.07,3,0,0.021,27.49,Advanced
18.56,0.452,26,19,0.124,150.42,Beginner
26.54,0.276,19,11,0.122,105.62,Beginner
17.83,0.558,39,12,0.144,158.71,Beginner
66.14,0.257,8,6,0.039,41.7,Intermediate
95.7,0.094,0,0,0,28.37,Advanced
59.94,0.255,6,7,0.031,45.42,Intermediate
101.17,0.114,0,0,0.028,27.39,Advanced
17.63,0.429,30,15,0.179,160.1,Beginner
75,0.105,1,0,0.011,37.87,Advanced
89.6,0.125,0,1,0.009,30.66,Advanced
18.57,0.649,22,15,0.108,151.34,Beginner
27.88,0.427,18,11,0.125,97.58,Beginner
34.21,0.442,41,15,0.128,81.9,Beginner
53.32,0.244,10,10,0.053,55.9,Intermediate
89.79,0.102,3,1,0.013,34.12,Advanced
18.65,0.47,27,18,0.169,151.55,Beginner
103.48,0.122,2,1,0.015,30.26,Advanced
63.86,0.273,10,5,0.08,43.44,Intermediate
27.65,0.586,32,10,0.191,102.61,Beginner
55.03,0.14,4,0,0.059,49.36,Intermediate
27.96,0.425,25,26,0.245,100.16,Beginner
79.41,0.128,0,0,0.012,37.42,Advanced
24.81,0.363,19,14,0.207,114.32,Beginner
117.33,0.084,0,0,0.002,25.28,Advanced
51.07,0.128,13,0,0.041,57.01,Intermediate
88.34,0.128,4,0,0.018,33.52,Advanced
103.19,0.128,0,1,0.02,27.85,Advanced
80.81,0.15,2,1,0.023,34.7,Advanced
111.24,0.125,5,1,0.01,24.15,Advanced
98.83,0.098,0,0,0.026,29.72,Advanced
45.34,0.239,14,2,0.072,62.47,Intermediate
100.44,0.113,2,0,0.007,29.79,Advanced
115.4,0.133,2,2,0.007,26.07,Advanced
55.84,0.154,0,5,0.063,49.51,Intermediate
84.38,0.09,3,1,0.02,35.06,Advanced
114.13,0.107,0,1,0.016,24.77,Advanced
94.44,0.119,1,0,0.026,26.17,Advanced
70,0.349,8,3,0.069,44.24,Intermediate
95.2,0.143,1,1,0.025,29.33,Advanced
41.87,0.208,15,6,0.032,67.25,Intermediate
22.35,0.52,12,22,0.139,127.66,Beginner
51.84,0.159,7,0,0.061,56.26,Intermediate
83.99,0.079,0,0,0.025,32.41,Advanced
87.94,0.097,2,1,0.004,30.72,Advanced
75,0.087,2,0,0.004,36.69,Advanced
59.02,0.215,2,7,0.055,45.93,Intermediate
53,0.284,8,0,0.058,55.27,Intermediate
112.69,0.111,1,1,0.015,24.84,Advanced
43.97,0.201,6,10,0.057,65.46,Intermediate
83.28,0.154,1,0,0.022,34.1,Advanced
25.37,0.412,11,11,0.2,111.59,Beginner
99.97,0.061,1,0,0.029,27.84,Advanced
67.07,0.33,6,0,0.079,41.84,Intermediate
62.1,0.263,15,3,0.086,43.06,Intermediate
22.66,0.458,26,14,0.181,125.85,Beginner
20.17,0.507,31,11,0.193,139.52,Beginner
48.89,0.205,10,3,0.086,59.39,Intermediate
44.81,0.268,12,4,0.047,61.8,Intermediate
27.61,0.334,30,23,0.241,101.28,Beginner
115.14,0.138,4,1,0.006,23.29,Advanced
52.27,0.27,9,5,0.087,54.26,Intermediate
110.5,0.119,3,0,0.007,26.4,Advanced
100.87,0.147,0,0,0.004,27.7,Advanced
117.96,0.141,0,1,0.017,23.4,Advanced
26.39,0.642,22,11,0.194,106.94,Beginner
93.89,0.136,4,0,0.02,26.98,Advanced
24.28,0.459,23,9,0.187,114.47,Beginner
78.44,0.11,1,0,0.014,34.96,Advanced
20.44,0.53,14,15,0.123,137.97,Beginner
45.76,0.247,13,6,0.053,64.45,Intermediate
22.54,0.522,15,21,0.113,121.07,Beginner
86.92,0.135,0,1,0.027,32.66,Advanced
113.06,0.145,3,0,0.004,23.62,Advanced
95.85,0.156,1,0,0.012,29.13,Advanced
54.7,0.333,8,4,0.06,52.04,Intermediate
41.02,0.28,6,6,0.055,70.17,Intermediate
16.06,0.48,29,17,0.2,173.74,Beginner
52.94,0.23,6,0,0.065,51.35,Intermediate
88.39,0.105,4,0,0.006,31.94,Advanced
40.13,0.26,9,6,0.052,68.14,Intermediate
10,0.667,32,12,0.165,281.44,Beginner
23.39,0.489,11,5,0.212,117.44,Beginner
44.05,0.238,4,4,0.064,65.48,Intermediate
26.24,0.506,14,16,0.117,106.98,Beginner
80.5,0.031,0,1,0.012,34.59,Advanced
100.47,0.117,2,1,0.023,27.05,Advanced
30.34,0.301,28,18,0.109,91.6,Beginner
61.64,0.294,7,7,0.069,49.95,Intermediate
75.85,0.129,2,2,0.026,36.84,Advanced
46.6,0.236,7,0,0.043,58.67,Intermediate
54.83,0.314,3,5,0.078,52.57,Intermediate
107.86,0.093,0,0,0.022,25,Advanced
53.01,0.331,6,6,0.05,52.34,Intermediate
32.73,0.411,29,15,0.117,86.44,Beginner
47.72,0.335,7,3,0.088,59.86,Intermediate
53.72,0.237,5,3,0.088,51.3,Intermediate
106.55,0.059,3,2,0.014,26.96,Advanced
51.98,0.312,9,6,0.051,54.57,Intermediate
63.44,0.197,10,7,0.045,43.89,Intermediate
105.35,0.12,0,3,0.014,25.75,Advanced
15.12,0.489,17,17,0.242,186.31,Beginner
75,0.084,5,0,0.013,37.32,Advanced
54.14,0.267,7,0,0.09,52.94,Intermediate
67.93,0.241,12,10,0.068,43.61,Intermediate
113.65,0.122,4,0,0.004,25.76,Advanced
18.96,0.268,30,14,0.217,150.59,Beginner
50.95,0.247,7,6,0.032,56.82,Intermediate
57.73,0.165,4,6,0.078,47.33,Intermediate
101.2,0.085,4,1,0.021,27.55,Advanced
20.2,0.522,14,7,0.109,141.47,Beginner
53.58,0.222,9,6,0.068,51.39,Intermediate
87.59,0.148,0,0,0.021,32.34,Advanced
10,0.492,20,17,0.14,279.45,Beginner
52.38,0.261,5,3,0.035,53,Intermediate
25.61,0.463,27,13,0.161,110.24,Beginner
85.43,0.08,5,1,0.02,34.7,Advanced
55.73,0.246,2,4,0.065,49.57,Intermediate
70,0.294,14,3,0.037,39.23,Intermediate
106.19,0.076,3,2,0.009,27.42,Advanced
28.67,0.412,18,14,0.178,100.16,Beginner
30.42,0.435,19,10,0.224,92.31,Beginner
46.22,0.199,0,5,0.069,58.74,Intermediate
97.23,0.14,6,1,0.002,27.98,Advanced
17.57,0.524,38,12,0.121,159.02,Beginner
29.95,0.563,33,19,0.168,94.54,Beginner
23.23,0.526,4,8,0.23,124.16,Beginner
14.72,0.534,8,14,0.109,192.82,Beginner
87.57,0.098,3,0,0.006,30.71,Advanced
20.28,0.499,16,19,0.129,140.13,Beginner
114.11,0.129,3,0,0.005,23.67,Advanced
112.54,0.14,3,0,0.018,23.96,Advanced
96.21,0.106,0,0,0.019,29.85,Advanced
23.51,0.342,21,32,0.132,120.57,Beginner
31.79,0.61,25,17,0.207,91.08,Beginner
35,0.429,35,16,0.235,80.27,Beginner
26.09,0.356,33,11,0.21,111.79,Beginner
56.95,0.238,11,0,0.05,49.12,Intermediate
78.26,0.062,0,1,0.017,34.19,Advanced
98.38,0.091,1,1,0.009,30.66,Advanced
122.68,0.083,1,2,0.029,23.23,Advanced
15.09,0.44,33,7,0.209,187.8,Beginner
25.74,0.632,24,15,0.249,114.07,Beginner
45.17,0.229,0,6,0.043,61.8,Intermediate
80.21,0.145,0,0,0.012,35.4,Advanced
112.59,0.158,1,1,0.014,25.94,Advanced
53.2,0.225,3,6,0.045,51.46,Intermediate
49.36,0.251,8,2,0.09,57.77,Intermediate
84.51,0.085,0,0,0.014,33.68,Advanced
21.32,0.454,27,17,0.138,132.49,Beginner
100.42,0.125,1,1,0.025,28.41,Advanced
20.9,0.587,29,14,0.223,131.36,Beginner
28.85,0.559,26,18,0.201,99.88,Beginner
44.9,0.215,14,3,0.059,64.58,Intermediate
41.7,0.114,9,2,0.075,66.15,Intermediate
68.77,0.254,3,7,0.041,38.37,Intermediate
35,0.434,25,18,0.127,81.39,Beginner
94.55,0.098,0,2,0.012,31.65,Advanced
14.77,0.515,33,17,0.102,190.13,Beginner
113.74,0.13,0,0,0,22.97,Advanced
26.75,0.441,35,14,0.12,105.61,Beginner
84.51,0.046,3,0,0,36.98,Advanced
21.58,0.449,34,24,0.164,130.66,Beginner
10.91,0.436,8,9,0.171,258.02,Beginner
19.79,0.324,13,8,0.193,141.06,Beginner
91.34,0.129,3,1,0.006,31.49,Advanced
43.29,0.209,14,7,0.032,64.78,Intermediate
91.07,0.134,3,0,0.01,30.58,Advanced
47.27,0.2,0,8,0.075,62.03,Intermediate
115.36,0.104,3,0,0.005,24.35,Advanced
87.27,0.112,0,0,0.008,31.97,Advanced
92.31,0.104,4,0,0.027,29.74,Advanced
95.56,0.165,0,0,0.029,30.69,Advanced
25.96,0.427,26,18,0.228,108.21,Beginner
23.59,0.586,33,14,0.177,119.84,Beginner
60.97,0.244,9,2,0.056,45.19,Intermediate
99.68,0.1,0,0,0.013,28.28,Advanced
97.09,0.085,2,2,0.02,28.04,Advanced
30.8,0.518,13,1,0.1,92.92,Beginner
26,0.393,21,17,0.114,110.51,Beginner
90.88,0.055,5,1,0.012,30.06,Advanced
31.89,0.622,28,17,0.145,89.67,Beginner
21.65,0.463,13,13,0.218,129.55,Beginner
22.45,0.448,25,19,0.137,124.46,Beginner
35,0.448,25,8,0.117,80.2,Beginner
54,0.199,9,4,0.062,50.17,Intermediate
43.01,0.252,5,4,0.08,64.84,Intermediate
48.67,0.188,9,2,0.042,57.25,Intermediate
26.66,0.507,23,13,0.223,104.2,Beginner
10.76,0.37,23,8,0.241,260.28,Beginner
86.34,0.118,5,0,0.003,31.38,Advanced
26.75,0.376,20,25,0.25,105.24,Beginner
14.81,0.362,10,15,0.186,191.36,Beginner
31.62,0.521,37,14,0.204,91.32,Beginner
18.15,0.421,22,16,0.226,154.19,Beginner
42.69,0.281,3,0,0.053,66.37,Intermediate
28.03,0.345,24,13,0.11,101.04,Beginner
101.41,0.171,0,0,0.011,28.16,Advanced
82.81,0.192,3,0,0.01,36.07,Advanced
107.42,0.173,4,1,0.02,30.19,Advanced
18.06,0.445,26,12,0.163,154.77,Beginner
111.55,0.052,2,0,0.028,26.03,Advanced
59.99,0.28,3,4,0.066,46.62,Intermediate
92.48,0.146,3,0,0.014,28.79,Advanced
52.51,0.191,11,1,0.035,54.04,Intermediate
32.76,0.358,37,15,0.182,86.76,Beginner
28.77,0.497,22,14,0.16,94.94,Beginner
23.09,0.376,21,8,0.211,122.95,Beginner
56.04,0.269,7,6,0.051,50.15,Intermediate
29.22,0.534,27,10,0.104,95.7,Beginner
64.98,0.15,10,2,0.069,43.44,Intermediate
27.48,0.487,25,8,0.114,102.17,Beginner
23.88,0.521,24,11,0.216,118.31,Beginner
55.6,0.159,10,5,0.054,52.51,Intermediate
66.29,0.287,6,7,0.032,42.58,Intermediate
69.72,0.29,5,2,0.058,39.78,Intermediate
94.08,0.154,2,2,0.008,32.46,Advanced
85.39,0.086,1,0,0.029,31.29,Advanced
78.96,0.07,1,0,0.017,34.39,Advanced
12.79,0.522,24,8,0.193,222.67,Beginner
58.39,0.25,10,2,0.049,48.07,Intermediate
23.8,0.552,17,14,0.183,117.89,Beginner
116.44,0.075,4,0,0.006,23.5,Advanced
55.42,0.192,10,4,0.034,51.23,Intermediate
70,0.211,6,8,0.062,38.4,Intermediate
101.6,0.134,0,0,0.018,26.76,Advanced
52.54,0.325,0,3,0.068,53.74,Intermediate
92.75,0.131,0,1,0.03,31.72,Advanced
83.65,0.112,4,1,0.019,31.57,Advanced
19.79,0.441,16,15,0.243,141.65,Beginner
54.66,0.233,11,0,0.085,54.22,Intermediate
22.24,0.461,30,20,0.179,127.13,Beginner
85.4,0.115,1,1,0.018,34.86,Advanced
111.47,0.142,0,0,0.023,26.65,Advanced
92.22,0.127,2,0,0.021,30.39,Advanced
19.21,0.424,9,8,0.222,146.36,Beginner
98.2,0.076,3,0,0.01,28.95,Advanced
44.36,0.271,12,7,0.05,60.9,Intermediate
51.84,0.218,4,4,0.05,53.3,Intermediate
49.9,0.251,3,3,0.041,56.68,Intermediate
50.38,0.216,6,0,0.085,54.13,Intermediate
64.38,0.33,3,5,0.065,42.45,Intermediate
29.63,0.518,26,8,0.204,92.07,Beginner
15.54,0.362,22,10,0.164,180.41,Beginner
25.84,0.429,34,18,0.19,109.12,Beginner
65.37,0.148,6,5,0.056,42.24,Intermediate
28.38,0.371,21,14,0.123,101.15,Beginner
110.61,0.12,3,1,0.01,25.58,Advanced
115.39,0.126,0,0,0.006,24.64,Advanced
50.23,0.264,4,8,0.081,56.46,Intermediate
49.75,0.317,6,3,0.056,55.09,Intermediate
14.75,0.494,29,18,0.25,190.17,Beginner
92.8,0.139,0,1,0.019,29.84,Advanced
93.62,0.115,1,1,0.016,28.41,Advanced
93.53,0.11,3,1,0.01,32.35,Advanced
109.18,0.089,2,1,0.009,24.09,Advanced
91.09,0.094,2,2,0.007,32.76,Advanced
80.85,0.156,0,2,0.019,36.56,Advanced
83.2,0.116,1,1,0.019,33.68,Advanced
101.27,0.132,0,0,0.014,26.51,Advanced
27.98,0.277,33,13,0.116,103.2,Beginner
70,0.246,3,7,0.059,39.23,Intermediate
26.51,0.514,32,16,0.217,107.23,Beginner
112.76,0.14,4,0,0.023,26.56,Advanced
20.94,0.576,22,11,0.232,134.03,Beginner
32.36,0.433,23,3,0.185,87.96,Beginner
57.47,0.208,5,1,0.073,48.52,Intermediate
34.61,0.437,31,18,0.124,82.05,Beginner
82.29,0.136,3,2,0.008,33.97,Advanced
98.31,0.114,0,0,0.015,28.97,Advanced
56.45,0.274,5,8,0.041,51.08,Intermediate
50.85,0.266,5,4,0.074,56,Intermediate
104.16,0.122,2,0,0.012,28.12,Advanced
101.13,0.076,1,0,0.016,28.99,Advanced
87.35,0.138,3,2,0.016,34.59,Advanced
56.85,0.16,7,2,0.082,47.25,Intermediate
88.12,0.11,2,0,0.004,31.82,Advanced
51.9,0.321,8,4,0.083,53.62,Intermediate
101.84,0.148,0,1,0.03,29.48,Advanced
70,0.254,6,3,0.065,40.22,Intermediate
42.3,0.226,5,6,0.062,65.99,Intermediate
91.62,0.068,2,0,0.009,29.12,Advanced
98.32,0.128,1,2,0.002,31.33,Advanced
78.3,0.124,4,2,0.028,36.62,Advanced
52.23,0.27,7,3,0.051,54.25,Intermediate
61.34,0.233,10,10,0.038,46.91,Intermediate
26.32,0.553,11,13,0.149,106.38,Beginner
23.35,0.377,27,11,0.178,119.65,Beginner
63.99,0.242,10,4,0.067,42.97,Intermediate
25.29,0.43,24,11,0.164,110.41,Beginner
24.8,0.309,17,18,0.121,112.86,Beginner
59.25,0.334,8,8,0.049,49.35,Intermediate
68.12,0.246,8,3,0.072,38.11,Intermediate
64.14,0.288,15,9,0.049,46.42,Intermediate
25.02,0.477,30,13,0.205,114.67,Beginner
25.67,0.305,21,20,0.127,111.44,Beginner
28.5,0.498,22,14,0.228,97.97,Beginner
100.17,0.128,0,3,0.009,30.32,Advanced
101.46,0.15,4,0,0.02,29.72,Advanced
25.58,0.406,22,16,0.193,109.05,Beginner
53.68,0.305,7,2,0.059,53.62,Intermediate
105.63,0.12,1,2,0.005,26.23,Advanced
40,0.234,13,5,0.03,68.39,Intermediate
40,0.247,6,0,0.037,69.83,Intermediate
34.09,0.284,28,15,0.208,82.47,Beginner
63.91,0.293,16,11,0.058,45.04,Intermediate
51.92,0.223,2,4,0.041,52.64,Intermediate
118.82,0.111,4,2,0.005,22.77,Advanced
59.45,0.253,0,5,0.036,45.31,Intermediate
109.92,0.14,1,0,0.009,27.47,Advanced
101.63,0.028,2,1,0.001,27.98,Advanced
25.14,0.33,15,14,0.149,111.22,Beginner
22.13,0.408,28,27,0.242,126.57,Beginner
57.68,0.193,8,4,0.063,48.74,Intermediate
25.67,0.414,29,5,0.12,110.77,Beginner
70,0.243,6,8,0.073,40.89,Intermediate
86.37,0.134,1,0,0.016,32.29,Advanced
24.95,0.431,6,10,0.183,114.61,Beginner
30.42,0.312,13,17,0.199,92.92,Beginner
40,0.215,12,3,0.058,73.54,Intermediate
29.81,0.503,22,29,0.213,95.84,Beginner
28.26,0.462,16,9,0.102,100.87,Beginner
21.38,0.526,19,8,0.135,131.74,Beginner
16.12,0.521,17,22,0.148,176.88,Beginner
17.97,0.513,17,19,0.245,158.06,Beginner
107.49,0.102,0,1,0.012,26.58,Advanced
16.23,0.41,26,17,0.121,173.47,Beginner
20.06,0.507,31,18,0.187,139.91,Beginner
103.39,0.077,0,0,0.013,27.13,Advanced
27.51,0.415,31,25,0.2,102.32,Beginner
26,0.51,15,25,0.124,106.33,Beginner
29.93,0.582,7,10,0.228,95.63,Beginner
32.94,0.461,22,20,0.151,86.72,Beginner
105.52,0.138,1,1,0.026,27.56,Advanced
56.47,0.287,11,0,0.086,50.38,Intermediate
83.1,0.137,2,0,0.007,33.21,Advanced
28.16,0.447,24,11,0.165,100.24,Beginner
110.72,0.143,3,3,0.011,26.44,Advanced
40,0.223,8,5,0.088,72.33,Intermediate
35,0.501,27,16,0.149,80.34,Beginner
95.8,0.139,0,0,0.017,28.9,Advanced
56.69,0.289,10,4,0.043,47.65,Intermediate
19.82,0.367,17,14,0.136,140.51,Beginner
103.07,0.088,5,1,0.02,25.75,Advanced
89.07,0.105,4,0,0.017,29.22,Advanced
17.79,0.506,24,9,0.16,159.4,Beginner
20.21,0.632,22,15,0.239,138.72,Beginner
16.78,0.406,20,12,0.23,171.2,Beginner
89.73,0.089,2,0,0.013,29.96,Advanced
84.83,0.091,0,0,0.021,33.8,Advanced
17.92,0.397,17,17,0.222,154.34,Beginner
42.56,0.293,11,4,0.09,65.53,Intermediate
21.94,0.398,13,12,0.19,127.25,Beginner
103.9,0.075,3,0,0.003,25.86,Advanced
108.94,0.143,4,0,0.012,24.33,Advanced
66.65,0.261,11,4,0.057,43.91,Intermediate
19.19,0.463,24,14,0.184,147.34,Beginner
41.09,0.375,5,6,0.055,68.99,Intermediate
70,0.208,5,0,0.048,38.74,Intermediate
54.83,0.304,8,4,0.049,50.89,Intermediate
25.8,0.513,10,14,0.242,109.19,Beginner
55.46,0.15,11,10,0.057,50.54,Intermediate
16.88,0.417,13,12,0.217,165.39,Beginner
50.87,0.296,7,4,0.04,55.28,Intermediate
35,0.487,20,12,0.126,78.83,Beginner
24.3,0.349,23,15,0.2,115.33,Beginner
44.1,0.266,0,5,0.04,63.19,Intermediate
44.88,0.276,10,0,0.061,62.86,Intermediate
83.68,0.1,4,0,0.004,32.25,Advanced
93.38,0.129,3,1,0.009,33.28,Advanced
44.5,0.23,9,4,0.078,62.85,Intermediate
24.26,0.496,16,14,0.234,116.99,Beginner
10,0.27,29,13,0.232,279.13,Beginner
99.8,0.132,3,1,0.015,28.17,Advanced
105.32,0.125,0,0,0.012,25.69,Advanced
98.99,0.129,4,0,0.001,29.62,Advanced
111.21,0.115,5,0,0.013,26.33,Advanced
34.56,0.238,14,21,0.106,82.16,Beginner
110.42,0.111,6,1,0.025,29.4,Advanced
27.3,0.608,31,22,0.164,102.53,Beginner
105.1,0.153,3,1,0.011,27.84,Advanced
41.46,0.228,9,3,0.043,68.99,Intermediate
26.24,0.4,29,11,0.188,107,Beginner
108.24,0.123,0,1,0.007,26.19,Advanced
43.02,0.186,6,4,0.054,65.58,Intermediate
19.74,0.506,28,12,0.156,142.56,Beginner
83.06,0.092,0,3,0.009,35.05,Advanced
79.6,0.152,2,0,0.002,33.63,Advanced
108.79,0.134,0,0,0.016,25.43,Advanced
30.39,0.453,11,12,0.226,91.17,Beginner
50.87,0.246,12,3,0.075,55.49,Intermediate
99.82,0.125,1,1,0.018,27.46,Advanced
108.22,0.106,0,2,0.018,25.89,Advanced
60.18,0.217,3,1,0.048,45.24,Intermediate
106.48,0.095,0,2,0.023,28.25,Advanced
29.62,0.351,15,17,0.223,93.87,Beginner
61.25,0.224,2,4,0.077,45.89,Intermediate
92.22,0.083,1,0,0.021,30.81,Advanced
35,0.451,18,15,0.119,81.22,Beginner
88.13,0.111,3,0,0.013,30.31,Advanced
93.43,0.088,2,0,0.029,27.26,Advanced
27.85,0.365,21,13,0.165,102.86,Beginner
33.39,0.551,28,23,0.147,84.71,Beginner
23.77,0.46,25,24,0.23,120.18,Beginner
95.22,0.083,3,0,0.023,27.54,Advanced
26.78,0.387,41,19,0.152,105.51,Beginner
90.06,0.079,5,4,0.027,30.58,Advanced
91.71,0.093,2,0,0.009,30.85,Advanced
75.28,0.075,0,1,0.017,38.72,Advanced
70,0.235,10,10,0.077,43.12,Intermediate
51.14,0.312,10,6,0.042,56.05,Intermediate
103.24,0.13,0,0,0.008,28.86,Advanced
27.5,0.557,13,21,0.12,103.52,Beginner
70,0.192,1,4,0.034,39.08,Intermediate
62.56,0.216,4,8,0.069,47.77,Intermediate
83.12,0.105,0,0,0.018,33.19,Advanced
48.34,0.265,11,3,0.057,58.51,Intermediate
88.46,0.082,5,0,0.008,33.2,Advanced
78.23,0.112,1,0,0.024,37.89,Advanced
28.69,0.352,21,10,0.198,100.47,Beginner
17.59,0.35,21,11,0.178,163.85,Beginner
101.35,0.138,1,0,0.017,27.58,Advanced
49.4,0.3,11,4,0.043,57.36,Intermediate
44.26,0.241,5,2,0.056,63.49,Intermediate
23.05,0.486,21,20,0.139,125.4,Beginner
119.25,0.08,0,0,0.001,24.14,Advanced
27.89,0.332,19,15,0.238,101.11,Beginner
26.78,0.391,24,10,0.218,104.8,Beginner
85.04,0.126,1,1,0.029,31.96,Advanced
83.63,0.154,4,1,0.009,36.92,Advanced
21.74,0.46,17,19,0.116,127.31,Beginner
107.01,0.126,3,0,0.009,28.23,Advanced
32.18,0.474,26,14,0.205,88.63,Beginner
41.31,0.246,9,9,0.055,67.24,Intermediate
70,0.177,6,4,0.086,42.21,Intermediate
40,0.169,7,4,0.056,71.43,Intermediate
34.06,0.565,19,7,0.219,83.28,Beginner
24.64,0.534,24,22,0.153,114.35,Beginner
25.95,0.401,17,15,0.177,108.66,Beginner
95.36,0.107,0,0,0.017,29.59,Advanced
20.01,0.315,24,16,0.118,141.23,Beginner
102.09,0.117,0,1,0.022,28.02,Advanced
47.09,0.254,5,1,0.034,57.17,Intermediate
79.83,0.089,5,0,0.015,36.15,Advanced
70,0.26,5,4,0.076,42.38,Intermediate
76.39,0.115,1,2,0.01,37.67,Advanced
98.14,0.105,0,2,0.027,28.77,Advanced
30.92,0.368,33,10,0.206,91.99,Beginner
64.96,0.273,11,4,0.066,43.87,Intermediate
19.62,0.524,26,19,0.213,145.37,Beginner
93.62,0.162,6,0,0.03,30.07,Advanced
31.8,0.523,37,16,0.146,89.24,Beginner
96.14,0.148,0,2,0.017,29.16,Advanced
25.81,0.502,19,17,0.184,110.23,Beginner
64.21,0.207,13,4,0.073,41.96,Intermediate
16.24,0.517,27,10,0.197,173.89,Beginner
40,0.29,5,9,0.083,70.76,Intermediate
25.95,0.478,26,20,0.119,108.44,Beginner
111.53,0.135,0,0,0.024,25.21,Advanced
46.83,0.321,8,4,0.06,57.86,Intermediate
101.86,0.118,1,2,0.013,26.75,Advanced
58.41,0.174,11,0,0.068,48.27,Intermediate
49.46,0.208,9,0,0.086,56.49,Intermediate
70,0.234,3,7,0.089,37.77,Intermediate
35,0.442,25,8,0.134,79.34,Beginner
15.48,0.371,30,5,0.137,184.89,Beginner
103.36,0.163,3,0,0.004,28.21,Advanced
34.86,0.434,25,11,0.149,81.86,Beginner
70,0.294,7,10,0.081,42.45,Intermediate
27.41,0.318,28,17,0.103,102.73,Beginner
75,0.087,0,1,0.02,40.04,Advanced
19.55,0.413,27,14,0.164,145.92,Beginner
60.05,0.256,8,2,0.044,50.38,Intermediate
105.81,0.059,1,0,0.025,24.38,Advanced
35,0.36,27,25,0.206,81.13,Beginner
45.86,0.25,6,1,0.068,62.72,Intermediate
42.65,0.236,11,3,0.068,64.95,Intermediate
65.95,0.262,3,2,0.084,42.53,Intermediate
30.92,0.482,29,17,0.169,88.53,Beginner
34.67,0.455,24,12,0.142,81.6,Beginner
51.24,0.269,14,8,0.039,53.67,Intermediate
89.5,0.188,0,0,0.01,31.99,Advanced
75,0.102,2,1,0.029,37.8,Advanced
75,0.154,0,0,0.015,38.49,Advanced
99.43,0.095,0,0,0.004,25.73,Advanced
83.67,0.118,0,0,0.016,31.54,Advanced
16.21,0.506,17,20,0.233,174.61,Beginner
65.44,0.163,5,6,0.075,39.88,Intermediate
70,0.2,4,7,0.049,42.55,Intermediate
88.38,0.127,4,0,0.026,31.24,Advanced
16.95,0.368,27,17,0.199,164.95,Beginner
108.01,0.155,2,0,0.023,23.68,Advanced
78.37,0.112,4,1,0.014,34.85,Advanced
58.45,0.189,10,6,0.09,49.92,Intermediate
25.35,0.305,27,17,0.185,109.04,Beginner
31.33,0.383,29,19,0.12,91.71,Beginner
54.52,0.283,13,6,0.069,52.53,Intermediate
91.15,0.116,3,0,0.024,28.06,Advanced
70,0.15,0,7,0.05,40.69,Intermediate
28.58,0.456,30,10,0.189,98.25,Beginner
55.54,0.226,8,6,0.047,50.84,Intermediate
33.11,0.26,27,16,0.238,82.06,Beginner
27.38,0.351,20,14,0.209,103.86,Beginner
54.87,0.203,12,4,0.037,50.78,Intermediate
90.41,0.059,3,1,0.007,31.03,Advanced
32.17,0.322,30,10,0.124,86.59,Beginner
20.04,0.492,24,20,0.229,140.52,Beginner
49.75,0.3,5,8,0.063,54.43,Intermediate
21.04,0.391,8,13,0.134,135.86,Beginner
104.31,0.13,1,0,0.005,26.82,Advanced
62.81,0.265,11,8,0.037,45.2,Intermediate
22.97,0.435,25,16,0.204,123.74,Beginner
50.51,0.28,5,4,0.066,53.96,Intermediate
61.44,0.245,10,6,0.089,46.71,Intermediate
23.93,0.555,29,18,0.193,118.09,Beginner
106.45,0.085,0,3,0.018,27.67,Advanced
80.35,0.11,7,2,0.006,34.15,Advanced
118.87,0.152,3,0,0.025,24.57,Advanced
23.71,0.6,22,8,0.131,119.06,Beginner
57.94,0.148,0,6,0.069,47.8,Intermediate
26.74,0.346,26,13,0.166,105.02,Beginner
60.43,0.181,7,0,0.078,46.71,Intermediate
85.22,0.157,4,1,0.022,34.48,Advanced
44.28,0.273,10,4,0.047,67.12,Intermediate
92.96,0.121,0,1,0.008,29.84,Advanced
97.13,0.108,1,2,0.022,30.49,Advanced
104.09,0.148,0,2,0.001,25.8,Advanced
99.1,0.129,2,0,0.003,29.98,Advanced
57.64,0.187,10,0,0.089,48.63,Intermediate
98.49,0.106,1,0,0.024,27.35,Advanced
26.54,0.539,20,11,0.184,107.19,Beginner
83.49,0.124,4,1,0.004,34.94,Advanced
68.05,0.183,2,3,0.049,39.49,Intermediate
32.66,0.522,20,15,0.105,84.47,Beginner
23.19,0.488,31,7,0.195,121.64,Beginner
95.68,0.124,2,2,0.006,29.53,Advanced
89.48,0.159,0,0,0.004,32.04,Advanced
94.2,0.129,2,2,0.018,29.53,Advanced
50.82,0.291,10,10,0.082,54.37,Intermediate
115.29,0.126,0,1,0.018,22.93,Advanced
81.63,0.06,0,0,0.029,33.31,Advanced
24.59,0.315,27,21,0.186,114.05,Beginner
24.67,0.41,38,15,0.132,114.56,Beginner
113.25,0.119,3,0,0.025,24.15,Advanced
45.95,0.102,13,4,0.056,60.78,Intermediate
105.95,0.162,0,0,0.025,27.4,Advanced
75,0.19,2,1,0.018,36.48,Advanced
49.67,0.293,3,7,0.069,55.93,Intermediate
50.23,0.205,11,6,0.037,57.71,Intermediate
55.67,0.282,7,3,0.036,51.44,Intermediate
26.97,0.462,11,13,0.151,104.14,Beginner
61.69,0.271,14,0,0.041,48.32,Intermediate
22.84,0.511,31,14,0.159,123.39,Beginner
27.68,0.506,19,16,0.104,101.29,Beginner
61,0.153,5,4,0.068,46.25,Intermediate
31.69,0.343,19,13,0.106,88,Beginner
108.75,0.098,4,1,0.021,26.02,Advanced
75,0.15,6,0,0.009,35.35,Advanced
61.49,0.241,3,7,0.038,46.87,Intermediate
99.3,0.088,0,0,0.013,30.51,Advanced
94.91,0.081,3,0,0.029,26.06,Advanced
22.61,0.537,31,19,0.209,126.45,Beginner
54.49,0.418,0,10,0.049,53.23,Intermediate
24.53,0.415,23,14,0.206,112.94,Beginner
20.22,0.476,40,15,0.237,139.66,Beginner
21.66,0.537,20,8,0.23,129.5,Beginner
25.5,0.437,23,13,0.103,108.22,Beginner
51.76,0.276,8,1,0.059,54.19,Intermediate
99.35,0.088,5,1,0.023,28.66,Advanced
60.09,0.306,6,2,0.036,46.18,Intermediate
96.6,0.111,4,1,0.029,28.71,Advanced
60.67,0.18,11,4,0.065,45.67,Intermediate
62.6,0.232,8,0,0.039,43.64,Intermediate
84.29,0.125,1,0,0.012,35.24,Advanced
78.77,0.152,5,1,0.01,34.3,Advanced
31.85,0.309,36,13,0.216,86.85,Beginner
59.29,0.126,19,8,0.073,49.02,Intermediate
101.13,0.168,2,1,0.023,29.08,Advanced
88.04,0.083,0,0,0.022,31.58,Advanced
79.09,0.097,1,0,0.003,35.92,Advanced
22.32,0.546,25,18,0.14,125.21,Beginner
95.52,0.116,1,2,0.008,29.81,Advanced
31.97,0.484,15,22,0.199,85.77,Beginner
76.39,0.104,5,0,0.02,36.62,Advanced
99.64,0.098,1,0,0.021,26.96,Advanced
108.48,0.097,2,2,0.026,26.02,Advanced
95.03,0.118,6,3,0.019,28.15,Advanced
62.25,0.313,10,5,0.065,44.39,Intermediate
50.06,0.271,7,4,0.083,55.53,Intermediate
95.67,0.158,1,1,0.022,28.71,Advanced
94.9,0.12,0,1,0.03,30.78,Advanced
61.52,0.286,13,9,0.055,45.22,Intermediate
23.23,0.652,35,14,0.149,121.16,Beginner
40,0.207,8,7,0.07,71.97,Intermediate
50.86,0.309,6,7,0.039,56.43,Intermediate
100.64,0.129,4,0,0.015,25.49,Advanced
98.15,0.162,4,1,0.006,25.81,Advanced
67.83,0.234,5,10,0.085,40.4,Intermediate
61.11,0.321,8,7,0.077,46.56,Intermediate
82.58,0.118,0,0,0.028,34.87,Advanced
44.89,0.228,6,3,0.055,64.14,Intermediate
96.38,0.108,4,0,0.017,29.67,Advanced
107.82,0.165,4,0,0.013,27.61,Advanced
62.23,0.223,8,4,0.044,44.85,Intermediate
75,0.093,0,0,0.027,36.81,Advanced
91.44,0.066,6,0,0.016,30.03,Advanced
51.07,0.305,6,5,0.075,55.38,Intermediate
23.38,0.592,26,20,0.147,119.67,Beginner
62.14,0.189,8,5,0.06,47.92,Intermediate
20.72,0.565,43,15,0.21,137.19,Beginner
16.28,0.578,27,11,0.241,173.67,Beginner
67.78,0.323,0,7,0.06,41.65,Intermediate
35,0.394,14,11,0.228,80.7,Beginner
45.04,0.215,1,2,0.041,61.39,Intermediate
25.24,0.458,31,15,0.104,111.49,Beginner
83.38,0.11,3,1,0.017,33.35,Advanced
89.66,0.086,0,0,0,28.41,Advanced
10,0.535,40,5,0.175,281.54,Beginner
49.81,0.172,12,3,0.081,58.26,Intermediate
67.01,0.215,10,0,0.08,41.12,Intermediate
35,0.381,26,8,0.152,80.16,Beginner
22.02,0.587,29,14,0.152,127.93,Beginner
53.61,0.245,15,3,0.051,55.61,Intermediate
88.47,0.111,4,0,0.018,32.03,Advanced
23.04,0.395,12,17,0.193,120.37,Beginner
95.38,0.107,2,3,0.008,30.75,Advanced
40,0.232,13,8,0.033,69.43,Intermediate
30.74,0.443,21,15,0.228,89.89,Beginner
25.29,0.379,21,19,0.176,112.87,Beginner
90.63,0.076,5,1,0.023,32.54,Advanced
22.94,0.422,39,6,0.173,121.31,Beginner
40,0.228,6,6,0.05,69.43,Intermediate
110.78,0.147,3,1,0.022,23.69,Advanced
102.65,0.121,4,0,0.017,26.26,Advanced
82.14,0.132,1,1,0.009,34.13,Advanced
70,0.261,7,2,0.039,39.67,Intermediate
47.47,0.282,5,8,0.075,58.08,Intermediate
83.2,0.191,0,1,0.022,35.4,Advanced
33.58,0.501,31,4,0.219,85.6,Beginner
59.16,0.308,17,6,0.05,46.57,Intermediate
22.05,0.265,24,14,0.151,126.11,Beginner
83.25,0.107,5,0,0.004,31.99,Advanced
80.95,0.117,1,0,0.008,35.35,Advanced
54.08,0.277,10,4,0.072,52.39,Intermediate
40,0.299,12,6,0.044,72.63,Intermediate
29.88,0.496,33,22,0.224,94.57,Beginner
99.02,0.114,4,0,0.018,27.45,Advanced
48.6,0.253,12,2,0.064,57.08,Intermediate
116.25,0.105,0,0,0.017,24.59,Advanced
130,0.145,1,0,0.01,19.89,Advanced
25.17,0.445,6,9,0.165,110.68,Beginner
40,0.29,13,2,0.078,70.95,Intermediate
16.22,0.283,19,9,0.169,173.98,Beginner
95.41,0.193,1,0,0.018,28.96,Advanced
22.35,0.374,34,21,0.226,126.33,Beginner
17.15,0.358,2,5,0.247,164.43,Beginner
21.68,0.299,23,14,0.118,127.74,Beginner
56.85,0.222,6,4,0.042,49.98,Intermediate
59.83,0.238,8,3,0.051,47.52,Intermediate
83.28,0.13,0,0,0.019,32.32,Advanced
46.67,0.199,10,5,0.062,61.27,Intermediate
21.49,0.463,13,13,0.23,133.83,Beginner
47.63,0.267,12,7,0.04,61.13,Intermediate
55.16,0.241,12,0,0.068,51.61,Intermediate
102.11,0.127,2,0,0.007,27.08,Advanced
78.11,0.155,2,0,0.028,37.87,Advanced
81.33,0.083,2,2,0.026,32.71,Advanced
95.45,0.115,3,2,0.018,28.13,Advanced
89.72,0.15,2,0,0.017,31.73,Advanced
94.88,0.087,0,2,0.006,30.02,Advanced
63.63,0.248,11,1,0.071,44.89,Intermediate
44.6,0.298,9,8,0.083,65.01,Intermediate
82.93,0.133,6,0,0.007,34.43,Advanced
60.51,0.28,5,11,0.069,45.37,Intermediate
24.78,0.445,16,17,0.175,111.44,Beginner
62.54,0.264,5,1,0.047,44.29,Intermediate
64,0.23,11,7,0.038,42.5,Intermediate
40,0.253,13,6,0.072,71.14,Intermediate
93.36,0.116,0,2,0.019,29.79,Advanced
91.15,0.081,0,2,0.001,31.06,Advanced
102.84,0.12,3,0,0.011,25.94,Advanced
63.46,0.243,1,4,0.068,43.83,Intermediate
31,0.397,17,6,0.177,89.43,Beginner
27.03,0.527,22,20,0.227,104.21,Beginner
59.47,0.221,3,3,0.033,47.34,Intermediate
25.57,0.598,22,7,0.198,108.83,Beginner
59.48,0.25,9,2,0.067,46.11,Intermediate
65.66,0.234,15,7,0.038,44.26,Intermediate
103.73,0.172,4,0,0.005,26.86,Advanced
57.34,0.33,7,3,0.046,51.44,Intermediate
89.54,0.107,1,0,0.018,30.12,Advanced
40.06,0.134,4,8,0.079,70.21,Intermediate
127.02,0.11,2,1,0.025,20.66,Advanced
32.11,0.455,25,17,0.229,86.38,Beginner
24,0.461,25,16,0.201,116.99,Beginner
47.86,0.287,8,6,0.079,58.36,Intermediate
100.82,0.101,0,1,0.017,27.67,Advanced
40,0.239,15,11,0.049,72.18,Intermediate
69.58,0.304,6,3,0.049,41.37,Intermediate
97.12,0.121,1,1,0.013,27.52,Advanced
54.33,0.185,0,9,0.058,52.49,Intermediate
14.6,0.624,26,13,0.128,193.17,Beginner
30.51,0.508,25,14,0.133,91.44,Beginner
43.88,0.322,9,4,0.071,64.59,Intermediate
105.76,0.137,2,2,0.021,24.55,Advanced
40.32,0.244,11,4,0.088,72.51,Intermediate
90.28,0.166,2,0,0.01,33.85,Advanced
75,0.141,1,0,0.002,38.86,Advanced
90.26,0.144,0,0,0.019,30.19,Advanced
88.01,0.104,5,0,0.005,31.98,Advanced
21.53,0.423,28,20,0.225,129.46,Beginner
16.45,0.423,34,16,0.148,169.25,Beginner
48.31,0.338,9,8,0.066,59.75,Intermediate
63.07,0.306,7,4,0.086,48.21,Intermediate
22.01,0.454,38,25,0.131,128.8,Beginner
47.45,0.262,1,4,0.052,58.89,Intermediate
26.79,0.405,24,17,0.127,101.34,Beginner
47.61,0.204,2,4,0.035,60.69,Intermediate
62.84,0.277,2,9,0.032,45.1,Intermediate
61.93,0.205,4,3,0.044,44.39,Intermediate
89.28,0.149,0,0,0.016,30.1,Advanced
75,0.155,0,1,0.022,38.36,Advanced
34.16,0.549,26,21,0.147,81.6,Beginner
70,0.255,6,0,0.047,38.3,Intermediate
55.97,0.251,7,6,0.081,50.88,Intermediate
95.27,0.091,0,3,0.024,31.46,Advanced
43.72,0.114,6,4,0.062,67.9,Intermediate
50.87,0.196,9,2,0.084,55.88,Intermediate
56.61,0.182,11,3,0.084,47.2,Intermediate
70,0.308,8,1,0.056,38.17,Intermediate
43.28,0.339,0,2,0.048,65.9,Intermediate
30.2,0.515,34,14,0.139,95.65,Beginner
15.33,0.281,32,17,0.144,181.24,Beginner
67.46,0.234,4,3,0.05,42.18,Intermediate
16.82,0.432,34,19,0.228,166.78,Beginner
23.61,0.538,25,10,0.247,118.82,Beginner
24.3,0.51,23,14,0.14,115.57,Beginner
84.76,0.131,2,0,0.022,34.32,Advanced
101.98,0.171,1,2,0.013,27.41,Advanced
35,0.348,10,10,0.111,82.84,Beginner
63.41,0.306,10,3,0.064,44.36,Intermediate
49.83,0.272,12,7,0.059,58.02,Intermediate
85.44,0.184,5,3,0.022,32.31,Advanced
22.53,0.319,28,7,0.13,122.68,Beginner
46.11,0.289,10,1,0.032,58.18,Intermediate
16.77,0.502,21,13,0.239,169.31,Beginner
78,0.167,0,2,0.004,35.7,Advanced
52.81,0.235,0,10,0.049,52.47,Intermediate
25.78,0.426,24,10,0.23,110.75,Beginner
25.49,0.417,32,4,0.138,109.63,Beginner
109.1,0.139,3,2,0.012,25.73,Advanced
18.73,0.427,17,6,0.209,151.73,Beginner
30.73,0.284,45,12,0.123,93.89,Beginner
53.21,0.257,12,2,0.049,52.44,Intermediate
91.74,0.134,1,0,0.025,28.02,Advanced
68.96,0.233,3,9,0.05,40.64,Intermediate
51.53,0.229,4,9,0.037,57.18,Intermediate
111.01,0.142,2,0,0.013,22.26,Advanced
32.92,0.406,28,12,0.143,86.35,Beginner
28.08,0.405,26,10,0.244,98.75,Beginner
89.59,0.089,0,1,0.005,31.87,Advanced
53.6,0.303,5,13,0.053,52.57,Intermediate
79.44,0.135,3,2,0.009,38.1,Advanced
34.48,0.425,35,22,0.194,82.2,Beginner
22.42,0.498,10,4,0.227,124.32,Beginner
92.91,0.073,5,1,0.027,32.99,Advanced
61.54,0.258,4,6,0.031,44.36,Intermediate
35,0.424,18,20,0.148,81.99,Beginner
24.65,0.533,34,15,0.204,115.42,Beginner
114.11,0.099,0,0,0.011,24.48,Advanced
91.8,0.075,2,1,0.009,32.54,Advanced
48.27,0.254,9,7,0.036,59.67,Intermediate
15.33,0.493,25,15,0.217,183.07,Beginner
75,0.11,2,0,0.007,35.89,Advanced
40.68,0.251,8,9,0.041,65.94,Intermediate
54.13,0.304,2,2,0.059,52.82,Intermediate
78.85,0.139,3,0,0.012,36.72,Advanced
22.64,0.549,14,8,0.138,122.5,Beginner
103.37,0.204,2,0,0.017,27.88,Advanced
24.12,0.291,32,17,0.188,116.3,Beginner
22.34,0.476,30,21,0.101,127.7,Beginner
100.99,0.133,0,0,0.026,29.58,Advanced
87.9,0.103,0,1,0.015,35.86,Advanced
18.15,0.464,14,9,0.244,156.45,Beginner
25.03,0.274,26,17,0.218,113.39,Beginner
86.45,0.149,4,1,0.008,30.03,Advanced
97.09,0.139,1,1,0.011,28.52,Advanced
76.32,0.117,1,2,0.003,37.21,Advanced
83.66,0.092,2,2,0.024,34.7,Advanced
63.33,0.278,11,4,0.036,44.6,Intermediate
91.88,0.132,0,1,0.008,30.69,Advanced
95.57,0.173,1,0,0.017,32.72,Advanced
22.12,0.414,29,22,0.177,128.4,Beginner
16.14,0.436,25,16,0.187,176.47,Beginner
32.31,0.497,27,14,0.11,85.45,Beginner
80.45,0.09,5,0,0.007,34.84,Advanced
15.73,0.309,19,17,0.198,180.87,Beginner
104.82,0.112,1,0,0.023,25.85,Advanced
50.4,0.309,2,12,0.081,54.57,Intermediate
27.24,0.437,27,21,0.237,103.79,Beginner
98.77,0.178,2,1,0.011,29.92,Advanced
60.5,0.271,1,6,0.081,47.58,Intermediate
20.01,0.406,16,18,0.22,143.51,Beginner
107.3,0.115,2,0,0.02,27.49,Advanced
50.88,0.302,7,6,0.076,52.56,Intermediate
92.13,0.161,4,3,0.003,30.68,Advanced
109.61,0.083,5,0,0.004,25.57,Advanced
104.99,0.121,1,1,0.004,27.46,Advanced
48.89,0.216,3,6,0.084,55.89,Intermediate
120.18,0.141,3,0,0.011,23.94,Advanced
59.65,0.324,19,10,0.05,48.84,Intermediate
57.94,0.251,7,4,0.052,52.03,Intermediate
94.49,0.116,0,2,0.025,32.33,Advanced
101.49,0.174,1,0,0.025,27.65,Advanced
27.6,0.587,22,23,0.249,102.64,Beginner
109.91,0.088,2,2,0.029,26.77,Advanced
26.79,0.571,26,17,0.119,106.38,Beginner
90.47,0.105,2,0,0.012,33.3,Advanced
54.6,0.25,13,10,0.062,52.83,Intermediate
93.6,0.141,0,0,0.028,31.55,Advanced
42.31,0.287,2,0,0.056,66.35,Intermediate
92.4,0.104,2,2,0.012,26.52,Advanced
21.61,0.497,26,8,0.187,127.36,Beginner
87.99,0.152,0,2,0.012,31.09,Advanced
27.48,0.48,30,8,0.153,102.36,Beginner
50.07,0.238,6,6,0.058,55.01,Intermediate
82.99,0.107,3,1,0.027,37.08,Advanced
54.13,0.203,6,2,0.061,53.7,Intermediate
91.3,0.071,0,0,0.012,29.9,Advanced
66.04,0.278,8,7,0.07,43.2,Intermediate
59.55,0.276,8,5,0.055,46.64,Intermediate
70,0.317,8,12,0.077,40.74,Intermediate
59.95,0.277,12,9,0.081,46.9,Intermediate
17.14,0.517,12,6,0.131,165.97,Beginner
24.69,0.401,33,21,0.112,114.32,Beginner
100.12,0.143,6,0,0.018,27.66,Advanced
60.78,0.216,8,6,0.071,47.15,Intermediate
69.57,0.248,5,4,0.059,40.46,Intermediate
99.53,0.12,0,0,0.02,31.04,Advanced
29.2,0.507,30,18,0.187,95.55,Beginner
105.48,0.124,5,0,0.006,26.8,Advanced
42.55,0.201,10,0,0.075,65.95,Intermediate
103.99,0.085,3,2,0.002,30.33,Advanced
85.88,0.164,3,1,0.026,32.19,Advanced
104.86,0.064,1,0,0.015,27.71,Advanced
89.37,0.126,4,1,0.019,33.36,Advanced
75.44,0.144,3,1,0.024,38.25,Advanced
64.08,0.27,9,0,0.073,44.57,Intermediate
93.36,0.116,3,0,0.007,31.59,Advanced
27.45,0.26,11,19,0.155,101.3,Beginner
25.42,0.446,28,12,0.199,110.48,Beginner
55.12,0.283,2,10,0.06,51.01,Intermediate
52.48,0.189,10,4,0.034,51.7,Intermediate
22.72,0.448,34,11,0.114,124.25,Beginner
25.18,0.498,32,11,0.208,111.33,Beginner
45.3,0.254,8,3,0.067,62.55,Intermediate
121.95,0.153,5,0,0.013,23.78,Advanced
104.58,0.138,4,1,0.02,26.27,Advanced
28.75,0.623,30,9,0.166,96.06,Beginner
51.6,0.244,7,3,0.08,53.95,Intermediate
69.69,0.238,12,3,0.05,40.01,Intermediate
24.88,0.468,35,18,0.246,112.87,Beginner
21.34,0.601,18,16,0.13,132.49,Beginner
75.83,0.174,2,0,0.013,34.33,Advanced
89.32,0.127,6,0,0.021,32.2,Advanced
25.35,0.508,27,13,0.227,111.79,Beginner
32.25,0.498,28,26,0.161,88.44,Beginner
44.3,0.281,8,2,0.056,66.56,Intermediate
86.04,0.092,6,0,0.02,33.64,Advanced
18.97,0.351,26,14,0.2,146.64,Beginner
54.73,0.253,8,4,0.045,55.14,Intermediate
118.34,0.121,4,0,0.001,24.3,Advanced
105.9,0.158,0,0,0.009,27.2,Advanced
105.92,0.17,1,0,0.022,26.83,Advanced
101.48,0.133,1,1,0.027,27.92,Advanced
57.41,0.277,8,1,0.032,50.72,Intermediate
100.1,0.132,0,1,0.029,26.66,Advanced
107.22,0.092,3,0,0.008,24.19,Advanced
98.09,0.093,4,0,0.001,26.16,Advanced
25.7,0.495,26,16,0.246,112.06,Beginner
27.12,0.328,14,16,0.238,104.17,Beginner
89.91,0.132,4,1,0.023,30.55,Advanced
30.66,0.407,37,13,0.216,86.81,Beginner
40,0.208,0,4,0.046,68.41,Intermediate
24.56,0.429,37,18,0.151,111.87,Beginner
62.35,0.211,7,0,0.056,44.58,Intermediate
17.02,0.494,12,12,0.198,166.65,Beginner
30.46,0.422,28,7,0.201,96.29,Beginner
55.46,0.263,11,3,0.035,51.48,Intermediate
21.73,0.462,24,10,0.117,128.77,Beginner
24.62,0.521,27,11,0.13,115.12,Beginner
84.87,0.112,3,2,0.02,33.13,Advanced
25.95,0.346,22,9,0.154,107.26,Beginner
